category,filename,date,id
"NATURAL LANDSCAPES",sunset_boat_wetlands.png,29/09/2025,1
"MOUNTAINS & PEAKS",sunset_over_snowy_mountains.png,29/09/2025,1
"URBAN ARCHITECTURE",cyberpunk_market_with_robots.png,29/09/2025,1
"AUTUMN SEASONS",pumpkin_field_farm.png,29/09/2025,1
"MOUNTAINS & PEAKS",mountain_layers_at_sunset.png,29/09/2025,2
"TROPICAL PARADISE",turquoise_atoll_aerial_view.png,29/09/2025,1
"MINIMALIST ABSTRACT",golden_bokeh_light.png,29/09/2025,1
"TROPICAL PARADISE",tropical_beach_with_palms.png,29/09/2025,2
"URBAN ARCHITECTURE",ancient_sunlit_amphitheater.png,29/09/2025,2
"OCEAN & MARINE",underwater_kelp_forest.png,29/09/2025,1
"DESERT LANDSCAPES",sandstone_canyon_desert.png,29/09/2025,2
"WINTER WONDERLAND",animal_tracks_in_snow.png,29/09/2025,2
"SPACE & COSMOS",total_solar_eclipse.png,29/09/2025,1
"NATURAL LANDSCAPES",jungle_waterfall.png,29/09/2025,2
"AUTUMN SEASONS",autumn_forest_with_golden_light.png,29/09/2025,2
"AUTUMN SEASONS",autumn_forest_waterfall.png,29/09/2025,3
"MOUNTAINS & PEAKS",mountain_lake_reflection_day.png,29/09/2025,3
"NATURAL LANDSCAPES",tropical_waterfalls_panorama.png,29/09/2025,4
"URBAN ARCHITECTURE",city_skyline_at_dusk.png,29/09/2025,3
"VINTAGE RETRO",colorful_fashion_duo.png,29/09/2025,2
"AUTUMN SEASONS",sunny_vineyard_with_mist.png,29/09/2025,4
"OCEAN & MARINE",colorful_sea_anemones.png,29/09/2025,2
"CYBERPUNK FUTURISTIC",futuristic_city_flying_car.png,29/09/2025,3
"SPACE & COSMOS",spiral_galaxy_center.png,29/09/2025,3
"MOUNTAINS & PEAKS",mountain_lake_reflection_dawn.png,29/09/2025,6
"FANTASY WORLDS",glowing_crystal_cave_with_water.png,29/09/2025,2
"SPACE & COSMOS",space_station_in_orbit.png,29/09/2025,4
"OCEAN & MARINE",fantasy_underwater_temple.png,29/09/2025,3
"CYBERPUNK FUTURISTIC",eco_city_with_green_skyscrapers.png,29/09/2025,4
"VINTAGE RETRO",retro_vintage_kitchen.png,29/09/2025,4
"WINTER WONDERLAND",snow_angels_field.png,29/09/2025,3
"MINIMALIST ABSTRACT",black_ink_brush_stroke.png,29/09/2025,3
"NATURAL LANDSCAPES",tropical_jungle_waterfall.png,29/09/2025,6
"SPACE & COSMOS",earth_from_space.png,29/09/2025,5
"OCEAN & MARINE",bioluminescent_jellyfish.png,29/09/2025,5
"SPACE & COSMOS",milky_way_over_desert.png,29/09/2025,6
"MOUNTAINS & PEAKS",flower_valley_between_mountains.png,29/09/2025,8
"DESERT LANDSCAPES",ancient_ruins_in_desert.png,29/09/2025,3
"OCEAN & MARINE",sunlit_coral_reef.png,29/09/2025,6
"URBAN ARCHITECTURE",jesuit_ruins_paraguay.png,29/09/2025,4
"AUTUMN SEASONS",winding_autumn_road.png,29/09/2025,6
"NATURAL LANDSCAPES",misty_forest_with_ferns.png,29/09/2025,8
"MINIMALIST ABSTRACT",closeup_cut_diamond_on_dark_surface.png,29/09/2025,4
"GEOMETRIC PATTERNS",colorful_mandala_pattern.png,29/09/2025,1
"NATURAL LANDSCAPES",bamboo_forest_path.png,29/09/2025,10
"GEOMETRIC PATTERNS",black_and_white_optical_illusions.png,29/09/2025,2
"DESERT LANDSCAPES",oasis_in_sahara_desert.png,29/09/2025,4
"URBAN ARCHITECTURE",ornate_cast_iron_gate.png,29/09/2025,5
"SPACE & COSMOS",astronauts_in_space_greenhouse.png,29/09/2025,7
"MOUNTAINS & PEAKS",alpine_lake_mountains.png,29/09/2025,9
"TROPICAL PARADISE",latin_american_fruit_market.png,29/09/2025,3
"MINIMALIST ABSTRACT",minimal_black_and_white_waves.png,29/09/2025,5
"OCEAN & MARINE",mountain_stream_valley_meadow.png,29/09/2025,8
"VINTAGE RETRO",vintage_woody_station_wagon.png,29/09/2025,5
"MINIMALIST ABSTRACT",pastel_gradient_background.png,29/09/2025,6
"MOUNTAINS & PEAKS",steep_granite_mountain_wall.png,29/09/2025,10
"WINTER WONDERLAND",frozen_ice_cave_with_icicles.png,29/09/2025,5
"DESERT LANDSCAPES",sunset_over_grand_canyon_valley.png,29/09/2025,5
"VINTAGE RETRO",retro_drive_in_cinema.png,29/09/2025,6
"TROPICAL PARADISE",tropical_beach_with_mountain.png,29/09/2025,4
"MINIMALIST ABSTRACT",japanese_zen_garden_patterns.png,29/09/2025,7
"CYBERPUNK FUTURISTIC",futuristic_data_center_corridor.png,29/09/2025,6
"MYSTERIOUS GOTHIC",gothic_library_with_stained_glass.png,29/09/2025,2
"WINTER WONDERLAND",burning_fireplace_with_wood_logs.png,29/09/2025,6
"NATURAL LANDSCAPES",toucan_in_tropical_jungle.png,29/09/2025,11
"OCEAN & MARINE",misty_sea_cliffs_with_pines.png,29/09/2025,9
"CYBERPUNK FUTURISTIC",hacker_workstation_multiple_screens.png,29/09/2025,7
"MYSTERIOUS GOTHIC",haunted_victorian_mansion_night.png,29/09/2025,3
"DESERT LANDSCAPES",desert_oasis_with_palm_trees.png,29/09/2025,6
"NATURAL LANDSCAPES",volcanic_lava_flows_to_ocean.png,29/09/2025,12
"MYSTERIOUS GOTHIC",castle_on_sea_cliff.png,29/09/2025,4
"FANTASY WORLDS",magic_library_interior.png,29/09/2025,4
"NATURAL LANDSCAPES",foggy_autumn_valley.png,29/09/2025,13
"FANTASY WORLDS",treehouses_in_forest.png,29/09/2025,5
"VINTAGE RETRO",retro_car_poster_art.png,29/09/2025,8
"VINTAGE RETRO",vinyl_record_turntable.png,29/09/2025,9
"DESERT LANDSCAPES",desert_sunset_camels.png,29/09/2025,7
"SPACE & COSMOS",astronauts_on_the_moon.png,29/09/2025,8
"WINTER WONDERLAND",snowy_cabin_in_forest.png,29/09/2025,8
"MOUNTAINS & PEAKS",mountain_valley_panorama.png,29/09/2025,11
"DESERT LANDSCAPES",caravan_in_the_sahara.png,29/09/2025,8
"AUTUMN SEASONS",red_barn_in_autumn.png,29/09/2025,8
"SPACE & COSMOS",cosmic_clouds_nebula.png,29/09/2025,9
"MYSTERIOUS GOTHIC",gothic_ruins_moonlight.png,29/09/2025,5
"OCEAN & MARINE",ocean_waves_cliffside.png,29/09/2025,10
"OCEAN & MARINE",coral_reef_underwater.png,19/10/2025,1
"GEOMETRIC PATTERNS",mandala_geometric_pattern.png,29/09/2025,4
"DESERT LANDSCAPES",ancient_desert_ruins.png,29/09/2025,9
"CYBERPUNK FUTURISTIC",retro_sunset_drive.png,29/09/2025,8
"URBAN ARCHITECTURE",brutalist_concrete_building.png,29/09/2025,7
"URBAN ARCHITECTURE",minimalist_white_villa.png,29/09/2025,8
"FANTASY WORLDS",glowing_forest_mushrooms.png,29/09/2025,6
"URBAN ARCHITECTURE",modern_glass_skyscraper.png,29/09/2025,9
"DESERT LANDSCAPES",saguaro_cactus_desert.png,29/09/2025,10
"OCEAN & MARINE",ocean_waves_crashing.png,29/09/2025,12
"SPACE & COSMOS",planet_saturn_with_rings.png,29/09/2025,10
"SPACE & COSMOS",lava_planet_and_moon.png,29/09/2025,11
"CYBERPUNK FUTURISTIC",cyberpunk_city_night.png,29/09/2025,9
"MYSTERIOUS GOTHIC",gothic_church_foggy_night.png,29/09/2025,6
"OCEAN & MARINE",underwater_blue_cave.png,29/09/2025,13
"NATURAL LANDSCAPES",sunlight_forest_giants.png,29/09/2025,14
"VINTAGE RETRO",old_stone_windmill.png,29/09/2025,10
"SPACE & COSMOS",crystal_mountain_landscape.png,29/09/2025,12
"OCEAN & MARINE",stormy_sea_cliffs.png,29/09/2025,14
"MYSTERIOUS GOTHIC",cathedral_interior_sunlight.png,29/09/2025,7
"OCEAN & MARINE",sunken_shipwreck_underwater.png,29/09/2025,15
"VINTAGE RETRO",retro_twins_portrait.png,29/09/2025,11
"WINTER WONDERLAND",frozen_cabin_icicles.png,29/09/2025,9
"TROPICAL PARADISE",tropical_hibiscus_flowers.png,29/09/2025,6
"TROPICAL PARADISE",mango_tree_orchard.png,29/09/2025,7
"GEOMETRIC PATTERNS",kaleidoscope_pattern_art.png,29/09/2025,5
"VINTAGE RETRO",neon_jukebox_vintage.png,29/09/2025,12
"AUTUMN SEASONS",japanese_temple_autumn.png,29/09/2025,9
"DESERT LANDSCAPES",grand_canyon_valley.png,29/09/2025,11
"MYSTERIOUS GOTHIC",foggy_graveyard_path.png,29/09/2025,8
"DESERT LANDSCAPES",desert_flower_field.png,29/09/2025,12
"MYSTERIOUS GOTHIC",mystic_forest_trees.png,29/09/2025,9
"AUTUMN SEASONS",sunset_color_painting.png,29/09/2025,10
"WINTER WONDERLAND",frozen_lake_mountains.png,29/09/2025,10
"FANTASY WORLDS",phoenix_over_volcano.png,29/09/2025,7
"WINTER WONDERLAND",ice_cave_tunnel.png,29/09/2025,11
"DESERT LANDSCAPES",desert_cactus_sunset.png,29/09/2025,13
"VINTAGE RETRO",medieval_tavern_fireplace.png,29/09/2025,13
"URBAN ARCHITECTURE",art_deco_skyscraper.png,29/09/2025,10
"AUTUMN SEASONS",autumn_forest_path.png,29/09/2025,11
"OCEAN & MARINE",humpback_whale_breaching.png,29/09/2025,16
"ALIEN PLANETS",ancient_megastructures.png,19/10/2025,1
"ALIEN PLANETS",exotic_landscape_moons.png,19/10/2025,2
"AUTUMN SEASONS",forest_fall_colors.png,19/10/2025,1
"AUTUMN SEASONS",vineyard_harvest_sunset.png,19/10/2025,2
"CUTE PETS",golden_retriever_puppy.png,19/10/2025,1
"CUTE PETS",playful_kittens_tabby.png,19/10/2025,2
"CYBERPUNK FUTURISTIC",neon_city_night.png,19/10/2025,10
"CYBERPUNK FUTURISTIC",space_station_interior.png,19/10/2025,11
"DESERT LANDSCAPES",rock_formations_sunrise.png,19/10/2025,1
"DESERT LANDSCAPES",sand_dunes_golden_hour.png,19/10/2025,2
"FANTASY WORLDS",enchanted_forest_magic.png,19/10/2025,1
"FANTASY WORLDS",floating_castle_island.png,19/10/2025,2
"GEOMETRIC PATTERNS",3d_isometric_modern.png,19/10/2025,1
"GEOMETRIC PATTERNS",islamic_art_mosaic.png,19/10/2025,2
"INFERNO & FIRE",volcanic_eruption_night.png,19/10/2025,1
"INFERNO & FIRE",wildfire_sunset_wall.png,19/10/2025,2
"LANDSCAPE WITH GIRL",flower_field_sunset.png,19/10/2025,1
"LANDSCAPE WITH GIRL",mountain_overlook_vista.png,19/10/2025,2
"MAGICAL FANTASY",magical_library_endless.png,19/10/2025,1
"MAGICAL FANTASY",wizard_tower_night.png,19/10/2025,2
"MANGA & ANIME",cherry_blossom_character.png,19/10/2025,1
"MANGA & ANIME",cityscape_dusk_detailed.png,19/10/2025,2
"MINIMALIST ABSTRACT",geometric_pastels.png,19/10/2025,1
"MINIMALIST ABSTRACT",gradient_flow.png,19/10/2025,2
"MOUNTAINS & PEAKS",mountain_range_panorama.png,19/10/2025,1
"MOUNTAINS & PEAKS",summit_sunrise_alpenglow.png,19/10/2025,2
"MYSTERIOUS GOTHIC",cathedral_moonlight.png,19/10/2025,1
"MYSTERIOUS GOTHIC",victorian_mansion_interior.png,19/10/2025,2
"NATURAL LANDSCAPES",misty_forest_dawn.png,19/10/2025,1
"NATURAL LANDSCAPES",mountain_valley_lake.png,19/10/2025,2
"OCEAN & MARINE",waves_sunset_seascape.png,19/10/2025,2
RELAXATION,lavender_field_sunset.png,19/10/2025,1
RELAXATION,raindrops_leaves_macro.png,19/10/2025,2
RELAXATION,zen_garden_stones.png,19/10/2025,3
"RETRO CARTOONS",cartoon_network_90s.png,19/10/2025,1
"RETRO CARTOONS",saturday_morning_70s.png,19/10/2025,2
"SPACE & COSMOS",earth_orbital_view.png,19/10/2025,1
"SPACE & COSMOS",nebula_stellar_formation.png,19/10/2025,2
STEAMPUNK,city_skyline_airships.png,19/10/2025,1
STEAMPUNK,inventor_workshop_brass.png,19/10/2025,2
"TROPICAL PARADISE",beach_turquoise_water.png,19/10/2025,1
"TROPICAL PARADISE",rainforest_waterfall.png,19/10/2025,2
"URBAN ARCHITECTURE",historic_european_street.png,19/10/2025,1
"URBAN ARCHITECTURE",skyline_blue_hour.png,19/10/2025,2
"VINTAGE RETRO",1970s_technology_warmth.png,19/10/2025,1
"VINTAGE RETRO",diner_1950s_americana.png,19/10/2025,2
"WINTER WONDERLAND",ski_resort_alpine.png,19/10/2025,1
"WINTER WONDERLAND",snowy_forest_serene.png,19/10/2025,2
"MYSTERIOUS GOTHIC",abandoned_cathedral_moonlight.png,22/10/2025,10
"MYSTERIOUS GOTHIC",victorian_cemetery_dusk.png,22/10/2025,11
"MYSTERIOUS GOTHIC",dark_castle_stormy_night.png,22/10/2025,12
"MYSTERIOUS GOTHIC",library_candles_ancient_books.png,22/10/2025,13
"NATURAL LANDSCAPES",waterfall_rainforest_sunrise.png,22/10/2025,15
"NATURAL LANDSCAPES",alpine_meadow_wildflowers.png,22/10/2025,16
"NATURAL LANDSCAPES",coastal_cliffs_sunset.png,22/10/2025,17
"NATURAL LANDSCAPES",autumn_forest_creek.png,22/10/2025,18
"MOUNTAINS & PEAKS",alpine_summit_sunrise.png,22/10/2025,12
"MOUNTAINS & PEAKS",mountain_lake_reflection.png,22/10/2025,13
"MOUNTAINS & PEAKS",misty_valley_aerial.png,22/10/2025,14
"MOUNTAINS & PEAKS",rocky_ridge_storm.png,22/10/2025,15
"URBAN ARCHITECTURE",skyscraper_reflections_blue_hour.png,22/10/2025,11
"URBAN ARCHITECTURE",historic_cathedral_plaza.png,22/10/2025,12
"URBAN ARCHITECTURE",modern_bridge_night.png,22/10/2025,13
"URBAN ARCHITECTURE",brutalist_concrete_shadows.png,22/10/2025,14
"AUTUMN SEASONS",maple_tree_peak_color.png,22/10/2025,12
"AUTUMN SEASONS",country_road_tunnel.png,22/10/2025,13
"AUTUMN SEASONS",misty_morning_vineyard.png,22/10/2025,14
"AUTUMN SEASONS",waterfall_autumn_forest.png,22/10/2025,15
"TROPICAL PARADISE",beach_palm_sunset.png,22/10/2025,8
"TROPICAL PARADISE",underwater_coral_garden.png,22/10/2025,9
"TROPICAL PARADISE",waterfall_jungle_pool.png,22/10/2025,10
"TROPICAL PARADISE",overwater_bungalow_aerial.png,22/10/2025,11
"MINIMALIST ABSTRACT",gradient_blue_calm.png,22/10/2025,8
"MINIMALIST ABSTRACT",geometric_shapes_pastel.png,22/10/2025,9
"MINIMALIST ABSTRACT",single_line_flow.png,22/10/2025,10
"MINIMALIST ABSTRACT",color_block_composition.png,22/10/2025,11
"OCEAN & MARINE",wave_barrel_surfing.png,22/10/2025,17
"OCEAN & MARINE",underwater_sunrays.png,22/10/2025,18
"OCEAN & MARINE",jellyfish_deep_sea.png,22/10/2025,19
"OCEAN & MARINE",coastline_aerial_waves.png,22/10/2025,20
"DESERT LANDSCAPES",rock_arch_red_desert.png,22/10/2025,14
"DESERT LANDSCAPES",desert_night_stars.png,22/10/2025,15
"DESERT LANDSCAPES",dry_cracked_earth_pattern.png,22/10/2025,16
"VINTAGE RETRO",50s_diner_americana.png,22/10/2025,14
"VINTAGE RETRO",70s_geometric_pattern.png,22/10/2025,15
"VINTAGE RETRO",80s_neon_grid.png,22/10/2025,16
"VINTAGE RETRO",victorian_parlor.png,22/10/2025,17
"WINTER WONDERLAND",snowy_forest_morning.png,22/10/2025,12
"WINTER WONDERLAND",ice_crystal_macro.png,22/10/2025,13
"WINTER WONDERLAND",northern_lights_snowy_landscape.png,22/10/2025,14
"WINTER WONDERLAND",ice_cave_blue.png,22/10/2025,15
"SPACE & COSMOS",nebula_star_formation.png,22/10/2025,13
"SPACE & COSMOS",earth_from_orbit.png,22/10/2025,14
"SPACE & COSMOS",galaxy_spiral_arms.png,22/10/2025,15
"SPACE & COSMOS",moon_surface_detail.png,22/10/2025,16
"FANTASY WORLDS",floating_islands_sky.png,22/10/2025,8
"FANTASY WORLDS",enchanted_forest_glow.png,22/10/2025,9
"FANTASY WORLDS",dragon_mountain_lair.png,22/10/2025,10
"FANTASY WORLDS",crystal_cavern.png,22/10/2025,11
"GEOMETRIC PATTERNS",islamic_tile_mosaic.png,22/10/2025,6
"GEOMETRIC PATTERNS",sacred_geometry_mandala.png,22/10/2025,7
"GEOMETRIC PATTERNS",hexagonal_3d_abstract.png,22/10/2025,8
"GEOMETRIC PATTERNS",triangle_mountain_gradient.png,22/10/2025,9
"MANGA & ANIME",sakura_anime_school.png,22/10/2025,3
"MANGA & ANIME",mecha_robot_action.png,22/10/2025,4
"MANGA & ANIME",magical_girl_transformation.png,22/10/2025,5
"MANGA & ANIME",studio_ghibli_landscape.png,22/10/2025,6
"RETRO CARTOONS 70s-2000s",scooby_doo_mystery_van.png,22/10/2025,1
"RETRO CARTOONS 70s-2000s",90s_nickelodeon_aesthetic.png,22/10/2025,2
"RETRO CARTOONS 70s-2000s",pokemon_original_style.png,22/10/2025,3
"RETRO CARTOONS 70s-2000s",teen_titans_flat_design.png,22/10/2025,4
"MAGICAL FANTASY",fairy_mushroom_village.png,22/10/2025,3
"MAGICAL FANTASY",unicorn_rainbow_meadow.png,22/10/2025,4
"MAGICAL FANTASY",phoenix_rising_flames.png,22/10/2025,5
"MAGICAL FANTASY",mermaid_underwater_palace.png,22/10/2025,6
STEAMPUNK,airship_skyport.png,22/10/2025,3
STEAMPUNK,mechanical_clockwork_city.png,22/10/2025,4
STEAMPUNK,inventor_workshop.png,22/10/2025,5
STEAMPUNK,submarine_nautical.png,22/10/2025,6
"ALIEN PLANETS",bioluminescent_alien_forest.png,22/10/2025,3
"ALIEN PLANETS",red_desert_two_suns.png,22/10/2025,4
"ALIEN PLANETS",gas_giant_moon_surface.png,22/10/2025,5
"ALIEN PLANETS",floating_islands_gravity_anomaly.png,22/10/2025,6
"INFERNO & FIRE",forest_fire_intensity.png,22/10/2025,3
"INFERNO & FIRE",dragon_breath_flames.png,22/10/2025,4
"INFERNO & FIRE",industrial_furnace_molten_metal.png,22/10/2025,5
"CUTE PETS",kitten_playing_yarn.png,22/10/2025,3
"CUTE PETS",puppy_golden_retriever_field.png,22/10/2025,4
"CUTE PETS",bunny_rabbit_garden.png,22/10/2025,5
"CUTE PETS",hedgehog_autumn_leaves.png,22/10/2025,6
"LANDSCAPE WITH GIRL",girl_flower_field_sunset.png,22/10/2025,3
"LANDSCAPE WITH GIRL",anime_girl_cherry_blossoms.png,22/10/2025,4
"LANDSCAPE WITH GIRL",girl_mountain_summit_sunrise.png,22/10/2025,5
"LANDSCAPE WITH GIRL",girl_autumn_forest_path.png,22/10/2025,6
"LANDSCAPE WITH GIRL",girl_beach_ocean_wind.png,22/10/2025,7
"AUTUMN SEASONS",forest_path_golden_leaves.png,27/10/2025,17
"CUTE PETS",puppy_sleeping_basket.png,27/10/2025,8
"CYBERPUNK FUTURISTIC",tech_samurai_rooftop.png,27/10/2025,12
"GEOMETRIC PATTERNS",crystal_abstract_refraction.png,27/10/2025,11
"INFERNO & FIRE",volcanic_lava_flow.png,27/10/2025,7
"LANDSCAPE WITH GIRL",girl_mountain_summit_triumph.png,27/10/2025,8
"MAGICAL FANTASY",enchanted_library_floating_books.png,27/10/2025,8
"MAGICAL FANTASY",crystal_cave_glowing_formations.png,27/10/2025,9
"MINIMALIST ABSTRACT",geometric_golden_ratio.png,27/10/2025,14
"MOUNTAINS & PEAKS",alpine_sunrise_golden_hour.png,27/10/2025,17
"MOUNTAINS & PEAKS",misty_mountain_layers.png,27/10/2025,18
"MYSTERIOUS GOTHIC",foggy_graveyard_twilight.png,27/10/2025,15
"NATURAL LANDSCAPES",waterfall_rainforest_emerald.png,27/10/2025,20
"NATURAL LANDSCAPES",golden_wheat_field_sunset.png,27/10/2025,21
"OCEAN & MARINE",underwater_coral_reef_tropical.png,27/10/2025,22
"OCEAN & MARINE",stormy_waves_lighthouse.png,27/10/2025,23
RELAXATION,zen_garden_raked_sand.png,27/10/2025,4
RELAXATION,spa_stones_bamboo_water.png,27/10/2025,5
"RETRO CARTOONS",classic_animation_cel_style.png,27/10/2025,3
"RETRO CARTOONS",saturday_morning_action_hero.png,27/10/2025,4
"RETRO CARTOONS 70s-2000s",90s_anime_aesthetic.png,27/10/2025,6
"RETRO CARTOONS 70s-2000s",2000s_flash_animation.png,27/10/2025,7
"SPACE & COSMOS",nebula_star_cluster.png,27/10/2025,18
"SPACE & COSMOS",earth_rise_lunar_surface.png,27/10/2025,19
STEAMPUNK,clockwork_mechanism_workshop.png,27/10/2025,8
STEAMPUNK,airship_sky_city.png,27/10/2025,9
"TROPICAL PARADISE",palm_beach_turquoise_water.png,27/10/2025,13
"TROPICAL PARADISE",jungle_waterfall_exotic_birds.png,27/10/2025,14
"URBAN ARCHITECTURE",modern_glass_skyscrapers.png,27/10/2025,16
"VINTAGE RETRO",1950s_diner_americana.png,27/10/2025,19
"WINTER WONDERLAND",snowy_forest_aurora.png,27/10/2025,17
"WINTER WONDERLAND",cozy_cabin_snowfall.png,27/10/2025,18
"MINIMALIST ABSTRACT",abstract_fractal_spiral_pattern.png,28/10/2025,24
"SPACE & COSMOS",alien_planet_with_aurora_sky.png,28/10/2025,25
"MOUNTAINS & PEAKS",alpine_lake_with_snow_peaks.png,28/10/2025,26
"AUTUMN SEASONS",apple_orchard_in_harvest_season.png,28/10/2025,27
"NATURAL LANDSCAPES",autumn_forest_reflection_lake.png,28/10/2025,28
"URBAN ARCHITECTURE",colonial_city_with_cathedral.png,28/10/2025,29
"MOUNTAINS & PEAKS",colorful_mountain_flower_field.png,28/10/2025,30
"NATURAL LANDSCAPES",cross_country_skiers_in_forest.png,28/10/2025,31
"DESERT LANDSCAPES",desert_canyon_with_bushes.png,28/10/2025,32
"FANTASY WORLDS",dragon_on_castle_during_storm.png,28/10/2025,33
"NATURAL LANDSCAPES",enchanted_forest_with_sunrays.png,28/10/2025,34
"FANTASY WORLDS",floating_castles_above_clouds.png,28/10/2025,35
"CYBERPUNK FUTURISTIC",futuristic_data_hologram_network.png,28/10/2025,36
"CYBERPUNK FUTURISTIC",futuristic_hexagonal_circuit.png,28/10/2025,37
"MYSTERIOUS GOTHIC",gothic_gargoyles_on_cathedral.png,28/10/2025,38
"TROPICAL PARADISE",hidden_jungle_waterfall_with_sunrays.png,28/10/2025,39
"VINTAGE RETRO",hippie_van_in_dry_field.png,28/10/2025,40
"OCEAN & MARINE",kayak_and_turtle_in_tropical_lagoon.png,28/10/2025,41
"MINIMALIST ABSTRACT",liquid_metal_surface_macro.png,28/10/2025,42
"MOUNTAINS & PEAKS",misty_mountain_reflection_lake.png,28/10/2025,43
"MOUNTAINS & PEAKS",mountain_stream_with_rocks.png,28/10/2025,44
"CYBERPUNK FUTURISTIC",retro_futuristic_sunset_highway.png,28/10/2025,45
"OCEAN & MARINE",sea_turtle_swimming_underwater.png,28/10/2025,46
"WINTER WONDERLAND",snowy_mountain_ski_trail.png,28/10/2025,47
"WINTER WONDERLAND",snow_covered_pine_branch_closeup.png,28/10/2025,48
"NATURAL LANDSCAPES",spring_meadow_with_flowers.png,28/10/2025,49
"TROPICAL PARADISE",tropical_sunset_with_palm_trees.png,28/10/2025,50
"CYBERPUNK FUTURISTIC",underground_rave_with_neon_lights.png,28/10/2025,51
"MYSTERIOUS GOTHIC",victorian_house_with_garden.png,28/10/2025,52
